found_at,captured_at,source,keyword,niche,id,xsecToken,author,raw_title,raw_desc,published_at,hours_since_publish,likedCount,commentCount,collectedCount,proxy_ces,hook_type,structure,emotion_words,detail_mode,comments_loaded,loaded_comment_count,has_more_comments,url
2026-04-16T01:54:27+08:00,2026-04-16T01:54:27+08:00,list_feeds_homepage,homepage,general,63e4e7f20000000008025c50,ABIWQhYx3wD4EtuUmM9hfHoB2VPfbNjvrEH6SQvZ8-igM=,芒果很忙📷,拜托！这个滤镜真的太适合拍头像啦，快去用！,"滤镜教程在最后两张图
	
真的吼吼看！！！！
	
#胶片风摄影[话题]# #笔记灵感[话题]# #儿童摄影[话题]# #来拍照了[话题]# #滤镜调色教程[话题]# #头像[话题]# #搞怪头像[话题]# #微信头像[话题]#",2023-02-09T20:32:50+08:00,27869.36,0,721,0,2884,争议/站队讨论,分段叙述/情绪展开,,mcp_get_feed_detail_non_dom_click,true,10,true,https://www.xiaohongshu.com/explore/63e4e7f20000000008025c50?xsec_token=ABIWQhYx3wD4EtuUmM9hfHoB2VPfbNjvrEH6SQvZ8-igM%3D
2026-04-16T01:54:46+08:00,2026-04-16T01:54:46+08:00,list_feeds_homepage,homepage,general,640c09bb00000000110106f8,ABDqV1xAR3SEoDdoB40_yD0-LRHO2e0S2yUI0MwgF4g2o=,仲夏草莓,一碗猫,#猫咪日常[话题]#,2023-03-11T12:55:23+08:00,27156.99,0,2502,2239,12247,情绪表达/生活方式,短句直给/快速表态,,mcp_get_feed_detail_non_dom_click,true,10,true,https://www.xiaohongshu.com/explore/640c09bb00000000110106f8?xsec_token=ABDqV1xAR3SEoDdoB40_yD0-LRHO2e0S2yUI0MwgF4g2o%3D
2026-04-16T01:55:04+08:00,2026-04-16T01:55:04+08:00,list_feeds_homepage,homepage,general,64be8e7c000000001701989a,AB4WKomGNOpXElUp9JeeYTeMlm5QmNm1gmH15SUABH5Ik=,Littlecozyzone,左滑帮我烧制吧～ ,,,,0,0,0,0,情绪表达/生活方式,短句直给/快速表态,,mcp_get_feed_detail_non_dom_click,false,0,false,https://www.xiaohongshu.com/explore/64be8e7c000000001701989a?xsec_token=AB4WKomGNOpXElUp9JeeYTeMlm5QmNm1gmH15SUABH5Ik%3D
2026-04-16T01:55:26+08:00,2026-04-16T01:55:26+08:00,list_feeds_homepage,homepage,general,63da39850000000008024581,ABl3kd1TyBCHvGyy7afYR8GVbA1zi0uhTD-viz4LxEpls=,阿蒙,适合不会化妆➕普通长相的单眼皮女孩妆容,,,,0,0,0,0,情绪表达/生活方式,短句直给/快速表态,,mcp_get_feed_detail_non_dom_click,false,0,false,https://www.xiaohongshu.com/explore/63da39850000000008024581?xsec_token=ABl3kd1TyBCHvGyy7afYR8GVbA1zi0uhTD-viz4LxEpls%3D
2026-04-16T01:56:38+08:00,2026-04-16T01:56:38+08:00,list_feeds_homepage,homepage,general,64abee8c00000000230345e5,ABtBwHcu7rrk2ZOH0uuALyQD3BzdRkHHuAthUwWt_RR3g=,超可爱小洁,新手正确化妆顺序来啦～,,,,0,0,0,0,情绪表达/生活方式,短句直给/快速表态,,mcp_get_feed_detail_non_dom_click,false,0,false,https://www.xiaohongshu.com/explore/64abee8c00000000230345e5?xsec_token=ABtBwHcu7rrk2ZOH0uuALyQD3BzdRkHHuAthUwWt_RR3g%3D
2026-04-16T01:56:58+08:00,2026-04-16T01:56:58+08:00,list_feeds_homepage,homepage,general,63e5cacd0000000018013514,ABRhnpAFNW8WrfngNtHRzoc8pRubY263Zm4GDgLhwWOg0=,鹿茸汤,笑容养成计划😆4小技巧轻松速成上镜脸～,,,,0,0,0,0,情绪表达/生活方式,短句直给/快速表态,,mcp_get_feed_detail_non_dom_click,false,0,false,https://www.xiaohongshu.com/explore/63e5cacd0000000018013514?xsec_token=ABRhnpAFNW8WrfngNtHRzoc8pRubY263Zm4GDgLhwWOg0%3D
2026-04-16T01:57:14+08:00,2026-04-16T01:57:14+08:00,list_feeds_homepage,homepage,general,64a149a6000000001402466d,ABAPu45bW13_SwHPWPuws4uFMxHkqZGk4N-_CNSFmuRaQ=,辛巳✨,辣味淡妆｜黄黑皮也能轻松驾驭的清透感！,,,,0,0,0,0,情绪表达/生活方式,短句直给/快速表态,,mcp_get_feed_detail_non_dom_click,false,0,false,https://www.xiaohongshu.com/explore/64a149a6000000001402466d?xsec_token=ABAPu45bW13_SwHPWPuws4uFMxHkqZGk4N-_CNSFmuRaQ%3D
2026-04-16T01:57:30+08:00,2026-04-16T01:57:30+08:00,list_feeds_homepage,homepage,general,645cd8340000000014024a5c,ABho-zF_Jgw0LOiTT7J_5Y47a4Djcr-jBapCX4E1nQVNg=,临沂安岚甄选映画婚纱摄影工作室,终于找到了全家福都喜欢的喜假风婚纱照,,,,0,0,0,0,情绪表达/生活方式,短句直给/快速表态,,mcp_get_feed_detail_non_dom_click,false,0,false,https://www.xiaohongshu.com/explore/645cd8340000000014024a5c?xsec_token=ABho-zF_Jgw0LOiTT7J_5Y47a4Djcr-jBapCX4E1nQVNg%3D
2026-04-16T01:58:41+08:00,2026-04-16T01:58:41+08:00,list_feeds_homepage,homepage,general,642125bc0000000013007e64,ABe4gWUH7BK_r6Kgr8MkH2KNTl89Y1y6_qCuKPady5FxI=,达达达布溜,打算结婚的时候就穿这个,,,,0,0,0,0,情绪表达/生活方式,短句直给/快速表态,,mcp_get_feed_detail_non_dom_click,false,0,false,https://www.xiaohongshu.com/explore/642125bc0000000013007e64?xsec_token=ABe4gWUH7BK_r6Kgr8MkH2KNTl89Y1y6_qCuKPady5FxI%3D