section,name,count,id,niche
top_niches,general,9,,
top_hook_types,情绪表达/生活方式,8,,
top_hook_types,争议/站队讨论,1,,
top_posts_by_proxy_ces,一碗猫,12247,640c09bb00000000110106f8,general
top_posts_by_proxy_ces,拜托！这个滤镜真的太适合拍头像啦，快去用！,2884,63e4e7f20000000008025c50,general
top_posts_by_proxy_ces,左滑帮我烧制吧～ ,0,64be8e7c000000001701989a,general
top_posts_by_proxy_ces,适合不会化妆➕普通长相的单眼皮女孩妆容,0,63da39850000000008024581,general
top_posts_by_proxy_ces,新手正确化妆顺序来啦～,0,64abee8c00000000230345e5,general
top_posts_by_proxy_ces,笑容养成计划😆4小技巧轻松速成上镜脸～,0,63e5cacd0000000018013514,general
top_posts_by_proxy_ces,辣味淡妆｜黄黑皮也能轻松驾驭的清透感！,0,64a149a6000000001402466d,general
top_posts_by_proxy_ces,终于找到了全家福都喜欢的喜假风婚纱照,0,645cd8340000000014024a5c,general
top_posts_by_proxy_ces,打算结婚的时候就穿这个,0,642125bc0000000013007e64,general